{"cameraMode":{"drawMode":0,"name":"Shaded","section":"Shading Mode"},"sceneLighting":true,"audioPlay":false,"sceneViewState":{"m_AlwaysRefresh":false,"showFog":true,"showSkybox":true,"showFlares":true,"showImageEffects":true,"showParticleSystems":true,"showVisualEffectGraphs":true,"m_FxEnabled":true},"in2DMode":false,"pivot":{"x":-0.006584882736206055,"y":1.0815315246582032,"z":5.7334699630737309},"rotation":{"x":0.09854180365800858,"y":0.3028593957424164,"z":-0.031083203852176667,"w":0.9475452899932861},"size":5.5988264083862309,"orthographic":false}