{"cameraMode":{"drawMode":0,"name":"Shaded","section":"Shading Mode"},"sceneLighting":true,"audioPlay":false,"sceneViewState":{"m_AlwaysRefresh":false,"showFog":true,"showSkybox":true,"showFlares":true,"showImageEffects":true,"showParticleSystems":true,"showVisualEffectGraphs":true,"m_FxEnabled":true},"in2DMode":false,"pivot":{"x":-0.613741397857666,"y":1.3312740325927735,"z":-0.048404157161712649},"rotation":{"x":0.16966642439365388,"y":0.08014429360628128,"z":-0.01337176188826561,"w":0.9822906255722046},"size":0.5596998929977417,"orthographic":false}