{"cameraMode":{"drawMode":0,"name":"Shaded","section":"Shading Mode"},"sceneLighting":false,"audioPlay":false,"sceneViewState":{"m_AlwaysRefresh":false,"showFog":true,"showSkybox":false,"showFlares":true,"showImageEffects":true,"showParticleSystems":true,"showVisualEffectGraphs":true,"m_FxEnabled":true},"in2DMode":false,"pivot":{"x":0.46700000762939455,"y":1.6987093687057496,"z":0.2800000011920929},"rotation":{"x":0.275341272354126,"y":-0.022656558081507684,"z":0.00689151743426919,"w":0.9611815214157105},"size":0.26684388518333437,"orthographic":false}